Key,unique_IPs
18fece093913d57220eb6bb139187659c4bf52f28dfa39b570bafe11187e7828,1
3c01b97e1264f0ed2bbcc3a10a420fb8a6aa737ee21f6db655dffff5b6fa7c35,1
a6a6cb88b8cc438dfaee09a042ece5368eb44eed882584b46903c264af1de685,1
206ea6a175b3c8c3d46d420419bc7dcb73c29fc7ab59e1391ce92f0d02c7e94c,1
1168037c616cdaeaa88193d6a81bbca4ecb396cb6d2ea60b6f5c652ebf370ad3,1
d4fa4bb34d388070c56eb94587f8b6a3f0b427f2bbf3b13aeabb9ec65a79d426,1
b4e7fa59e20852658f623b4b6bfa347f9518d89409ef210ba4aa26ddf16e6ef5,1
aece036dc5295241780209772695b588f7888b3de7371135aea1c08e2cb2621e,1
7994e6b3e8d4b32b7be105d1db7104dc41a6c6be19cde01c1091ce8296452882,1
74e911ea6d73a1d6a9ba501105db5792ea356f8da1fd0e98269e6a59a5f40ce7,1
6e19d486e83746cb40fb6ba257c68ecbe76315464f6ba53d9506d5189b4e7958,1
1347dc67d1f4fe242ad62ed4fb6e9a4a5353638913fa40251973a714b2c6f8cd,1
de5854fb46e1dbac4c148c1afe8b714bca2cb61230cfa263e56f86fa897c1965,1
6d7ce3a9decab63c8771d6b71d6bec15a03943c7d0752f7529d3b1e91b1dbd07,1
9effb65d3cb25772378f6e04b3d80b9a8bf1d1d1c4619fc83bf61bda11e48af1,1
f60965852b6a51a8c796e6e9edcaebcdc978f69ec9079d7fe0674c0455f0b7cc,1
ce9c74c01c430da38957d32644d017508e803e41b5b42e89b3b485a211dd47dc,1
a91ce8c6b7e22a65b3db65a4f91463dd0fb31d76a5c4d5595f9b47bd55cf3e48,1
a9acfd89b92034d23940089f54aeefed15dad6559d965b772ba4e36472d2e97e,1
ba56c4ee2a1c8db710bfe73a1fa3e4b0ad3f290d0192589b8c71de449961c696,1
98cb38d505c2f98fced7b7fa8211a6bd0d6bff82299773967b017a3788d01740,1
fe94297931cf105b19b6d7257a875f3a44f6d8ad17b13b7168700c445ee848c6,1
5da95edfc87a78456805eb4c6c8d626b7f3f846c297d8da2ed783cc250ac068a,1
950a3399ff699fc3748dd03e59b80ae620690b64e4664f5c0c81b4b9dd1c3955,1
29a77b3004c4c56b922fcebe3c2b6e70448b0a98b2bf55da01177fe94c65a068,1
46015bb569f0b7926381353dd17717763c4425dcf870091dc9c2553e537f0a49,1
5f058fb5a4b88b2fc97e58453f510a4ce75a3010ea74016ac8e3bf1c420dd715,1
d82ee84a2215157c299e27259f8e788d52787587ecfd23fa49fc22b6a17d57c6,1
b2cfdd56f0f8b557b797eec8df7b348b02252f97c9c92f25cf8485546cc4ea0d,1
dc52f9607750f68e49d1614d786cbe7b8f6e5c513c41666d2bb02f03c8484e62,1
b5083e2a75cfc3a6cf60e3e3542db156bf867b906549e7c5c1f7b556348f10c3,1
387df6ae7643419656dabecf5fe204b79c91fd8609885d29407dcc0930af1668,1
ed64cb7e453bc9f167d8d9321ee5f33c15d450a3060a9e5440f797156e644846,1
6a3c03e58a71ef5895d3f103d4d4f8dc50cc05582edd50767ac147111ae4bb5c,1
f3b7c9f8c075ef5b160b6f736516a6a4270a3e85032e651a7e0ec25a01bf7c53,1
0040b62318c3292f75eac5c5ff9a279880a4f4e67b6000e554d59a6a480000fd,1
d62895b27ecea07c39746a8699ab223dbf973b9c8e0e74df516c42445910d2f9,1
46c145b6ba700551b01928801c35ec20e5a299df5289bafdbd367d79212f23b3,1
e39bda96dafbf7f27c4db9d483b07184d0abaf3763dc9adc0a4973d25ed777ea,1
da336c51e9db14dd5d7b61560745f3a732fbd6dbf07682a3266bf13f889cb5ff,1
18807d639420ca13b3cef455509e1732deee70a0f16d021dfae691f77a37e4d2,1
22a187a6ae3e6f4ab91ff97c1bb6cf4c30ba219556ffba887b443865d43fa8c0,1
cf044b41bea8bfbf0c2349a2c2d9599b9293e935c1fa7ceb9c4a7e109aec425f,1
8f3cf3c2fc4701dffcd45f4e85957cf85096de6d037e136bda929c2182cb8ee7,1
67534b44d38b0f64a0da9c04c89cf24dac96dc79da8e238d9ad861c1f547da22,1
8c1d0953836999b63fb162adf5a4fb14910b81f6dd1acc7c70b420c1dae04257,1
7cba872101837f2a3b3221eab964a774fd5d4448251eef479de0e8bc5a3c9e7b,1
31599084ce0280942f6c7c04b0d1b82233a66ad5e0cdb3be12662e06ca6ba938,1
ed25bdadb43991f0b4521378695de49db07eca78b84cc91831f086fc9f3b8648,1
ea8537f06acb4d614b3d2c584bffe5ce3c339471d811775ac1992f941fd2fdf1,1
